{"cameraMode":{"drawMode":0,"name":"Shaded","section":"Shading Mode"},"sceneLighting":true,"audioPlay":false,"sceneViewState":{"m_AlwaysRefresh":false,"showFog":true,"showSkybox":true,"showFlares":true,"showImageEffects":true,"showParticleSystems":true,"showVisualEffectGraphs":true,"m_FxEnabled":true},"in2DMode":false,"pivot":{"x":0.48998451232910159,"y":1.0420653820037842,"z":1.355149745941162},"rotation":{"x":0.12188175320625305,"y":0.5221323370933533,"z":-0.07569858431816101,"w":0.8407201766967773},"size":11.143718719482422,"orthographic":true}